"Id","Order","StationId"
"161",1,"160"
"162",2,"1241"
"163",3,"1242"
"164",4,"1447"
"165",5,"1141"
"166",6,"1452"
"167",7,"1319"
"168",8,"1454"
"169",9,"1321"
"170",10,"1322"
"171",11,"1161"
"172",12,"1328"
"173",13,"1323"
"174",14,"1457"
"175",15,"1458"
"176",16,"1459"
"177",17,"1460"
"178",18,"1461"
"179",19,NULL
"180",20,"1330"
"181",21,NULL
"182",22,NULL
"183",23,"1246"
"184",24,"55"
"185",25,"1429"
"186",26,"1455"
"187",27,"1420"
"188",28,"1421"
"189",29,"1422"
"190",30,"1423"
"191",31,"372"
"192",32,NULL
"193",33,"374"
"194",34,NULL
"195",35,"375"
"196",36,"376"
"197",37,NULL
"198",38,NULL
"199",39,"528"
