"Id","Code"
"55","2700046"
"160","2700152"
"372","2700709"
"374","2700711"
"375","2700713"
"376","2700714"
"528","2700900"
"1141","2708100"
"1161","2708627"
"1241","2708895"
"1242","2708896"
"1246","2708900"
"1319","2708981"
"1321","2708983"
"1322","2708984"
"1323","2708985"
"1328","2708990"
"1330","2708992"
"1420","2709900"
"1421","2709901"
"1422","2709902"
"1423","2709903"
"1429","2709928"
"1447","2709960"
"1452","2709979"
"1454","2709982"
"1455","2709983"
"1457","2709986"
"1458","2709987"
"1459","2709988"
"1460","2709989"
"1461","2709991"
